fold,rmse,params
1,1.156348584178072,2369
2,1.2638590507654186,2369
3,0.7136562236046143,2369
4,0.9738821535710528,2369
5,1.2252414906687223,2369
