{
  "n_qubits": 8,
  "featuremap_reps": 1,
  "ansatz_reps": 1,
  "epochs": 50,
  "batch_size": 16,
  "lr": 0.001,
  "seed": 12345,
  "fold_results_dataset_units": [
    1.5483944601307944,
    1.44724816753616,
    0.674407047926871,
    1.201039675992224,
    1.230064805393058
  ],
  "fold_results_original_units": [
    1.8329145290438396,
    1.7131824148379373,
    0.798330475335023,
    1.4217328494228312,
    1.4560913586581823
  ]
}