fold,qnn_rmse,mlp_rmse
1,1.832915,1.886690488115272
2,1.713182,0.6880092127810518
3,0.79833,0.6522688341866076
4,1.421733,1.0340838056593642
5,1.456091,1.4721525314665989
