{
  "X_mean": [
    6.410670605472291e-13,
    6.360190152321366e-14,
    -1.0
  ],
  "X_scale": [
    0.9999999999999999,
    1.0,
    1.0
  ],
  "y_mean": [
    -6.603504646742584
  ],
  "y_scale": [
    1.1837517534662023
  ]
}