{
  "R2": -1.127127094770763,
  "MAE": 1.49411405866939,
  "RMSE": 1.873165343367915,
  "MARD": 379589.40866187395,
  "VQE_min": 0.0,
  "VQE_max": 3.5346472362164043,
  "REF_min": 0.0,
  "REF_max": 4.795371978383658
}