{
  "center_x": 8.347467422485352,
  "center_y": -5.0248003005981445,
  "center_z": -7.2703328132629395,
  "size_x": 27.06999969482422,
  "size_y": 18.795000076293945,
  "size_z": 17.115999221801758
}